dataset,setting,subject,seed,method,accuracy,source_accuracy,delta_vs_source,mean_acc,worst_delta_vs_source,ntr_s_0p5,source_file
BCIC IV-2a,aug_True_9subj,S1,0,source_only,85.76,85.76,0.0,82.717,0.0,0/9,/mnt/data/seiya.narukawa/intentflow/intentflow/offline/results/c_aug_true_9subj_20260506_004923/summary.json
BCIC IV-2a,aug_True_9subj,S2,0,source_only,72.57,72.57,0.0,82.717,0.0,0/9,/mnt/data/seiya.narukawa/intentflow/intentflow/offline/results/c_aug_true_9subj_20260506_004923/summary.json
BCIC IV-2a,aug_True_9subj,S3,0,source_only,93.06,93.06,0.0,82.717,0.0,0/9,/mnt/data/seiya.narukawa/intentflow/intentflow/offline/results/c_aug_true_9subj_20260506_004923/summary.json
BCIC IV-2a,aug_True_9subj,S4,0,source_only,81.94,81.94,0.0,82.717,0.0,0/9,/mnt/data/seiya.narukawa/intentflow/intentflow/offline/results/c_aug_true_9subj_20260506_004923/summary.json
BCIC IV-2a,aug_True_9subj,S5,0,source_only,77.43,77.43,0.0,82.717,0.0,0/9,/mnt/data/seiya.narukawa/intentflow/intentflow/offline/results/c_aug_true_9subj_20260506_004923/summary.json
BCIC IV-2a,aug_True_9subj,S6,0,source_only,70.49,70.49,0.0,82.717,0.0,0/9,/mnt/data/seiya.narukawa/intentflow/intentflow/offline/results/c_aug_true_9subj_20260506_004923/summary.json
BCIC IV-2a,aug_True_9subj,S7,0,source_only,90.97,90.97,0.0,82.717,0.0,0/9,/mnt/data/seiya.narukawa/intentflow/intentflow/offline/results/c_aug_true_9subj_20260506_004923/summary.json
BCIC IV-2a,aug_True_9subj,S8,0,source_only,84.38,84.38,0.0,82.717,0.0,0/9,/mnt/data/seiya.narukawa/intentflow/intentflow/offline/results/c_aug_true_9subj_20260506_004923/summary.json
BCIC IV-2a,aug_True_9subj,S9,0,source_only,87.85,87.85,0.0,82.717,0.0,0/9,/mnt/data/seiya.narukawa/intentflow/intentflow/offline/results/c_aug_true_9subj_20260506_004923/summary.json
BCIC IV-2a,aug_True_9subj,S1,0,policy_safe_no_shallow,86.11,85.76,0.35,83.141,-0.35,0/9,/mnt/data/seiya.narukawa/intentflow/intentflow/offline/results/c_aug_true_9subj_20260506_004923/summary.json
BCIC IV-2a,aug_True_9subj,S2,0,policy_safe_no_shallow,73.96,72.57,1.39,83.141,-0.35,0/9,/mnt/data/seiya.narukawa/intentflow/intentflow/offline/results/c_aug_true_9subj_20260506_004923/summary.json
BCIC IV-2a,aug_True_9subj,S3,0,policy_safe_no_shallow,93.06,93.06,0.0,83.141,-0.35,0/9,/mnt/data/seiya.narukawa/intentflow/intentflow/offline/results/c_aug_true_9subj_20260506_004923/summary.json
BCIC IV-2a,aug_True_9subj,S4,0,policy_safe_no_shallow,82.29,81.94,0.35,83.141,-0.35,0/9,/mnt/data/seiya.narukawa/intentflow/intentflow/offline/results/c_aug_true_9subj_20260506_004923/summary.json
BCIC IV-2a,aug_True_9subj,S5,0,policy_safe_no_shallow,78.12,77.43,0.69,83.141,-0.35,0/9,/mnt/data/seiya.narukawa/intentflow/intentflow/offline/results/c_aug_true_9subj_20260506_004923/summary.json
BCIC IV-2a,aug_True_9subj,S6,0,policy_safe_no_shallow,70.14,70.49,-0.35,83.141,-0.35,0/9,/mnt/data/seiya.narukawa/intentflow/intentflow/offline/results/c_aug_true_9subj_20260506_004923/summary.json
BCIC IV-2a,aug_True_9subj,S7,0,policy_safe_no_shallow,90.97,90.97,0.0,83.141,-0.35,0/9,/mnt/data/seiya.narukawa/intentflow/intentflow/offline/results/c_aug_true_9subj_20260506_004923/summary.json
BCIC IV-2a,aug_True_9subj,S8,0,policy_safe_no_shallow,84.38,84.38,0.0,83.141,-0.35,0/9,/mnt/data/seiya.narukawa/intentflow/intentflow/offline/results/c_aug_true_9subj_20260506_004923/summary.json
BCIC IV-2a,aug_True_9subj,S9,0,policy_safe_no_shallow,89.24,87.85,1.39,83.141,-0.35,0/9,/mnt/data/seiya.narukawa/intentflow/intentflow/offline/results/c_aug_true_9subj_20260506_004923/summary.json
BCIC IV-2a,aug_True_9subj,S1,0,replay_safe_uniform,86.11,85.76,0.35,83.41,-0.35,0/9,/mnt/data/seiya.narukawa/intentflow/intentflow/offline/results/c_aug_true_9subj_20260506_004923/summary.json
BCIC IV-2a,aug_True_9subj,S2,0,replay_safe_uniform,72.22,72.57,-0.35,83.41,-0.35,0/9,/mnt/data/seiya.narukawa/intentflow/intentflow/offline/results/c_aug_true_9subj_20260506_004923/summary.json
BCIC IV-2a,aug_True_9subj,S3,0,replay_safe_uniform,94.79,93.06,1.73,83.41,-0.35,0/9,/mnt/data/seiya.narukawa/intentflow/intentflow/offline/results/c_aug_true_9subj_20260506_004923/summary.json
BCIC IV-2a,aug_True_9subj,S4,0,replay_safe_uniform,81.94,81.94,0.0,83.41,-0.35,0/9,/mnt/data/seiya.narukawa/intentflow/intentflow/offline/results/c_aug_true_9subj_20260506_004923/summary.json
BCIC IV-2a,aug_True_9subj,S5,0,replay_safe_uniform,78.12,77.43,0.69,83.41,-0.35,0/9,/mnt/data/seiya.narukawa/intentflow/intentflow/offline/results/c_aug_true_9subj_20260506_004923/summary.json
BCIC IV-2a,aug_True_9subj,S6,0,replay_safe_uniform,70.83,70.49,0.34,83.41,-0.35,0/9,/mnt/data/seiya.narukawa/intentflow/intentflow/offline/results/c_aug_true_9subj_20260506_004923/summary.json
BCIC IV-2a,aug_True_9subj,S7,0,replay_safe_uniform,93.06,90.97,2.09,83.41,-0.35,0/9,/mnt/data/seiya.narukawa/intentflow/intentflow/offline/results/c_aug_true_9subj_20260506_004923/summary.json
BCIC IV-2a,aug_True_9subj,S8,0,replay_safe_uniform,84.38,84.38,0.0,83.41,-0.35,0/9,/mnt/data/seiya.narukawa/intentflow/intentflow/offline/results/c_aug_true_9subj_20260506_004923/summary.json
BCIC IV-2a,aug_True_9subj,S9,0,replay_safe_uniform,89.24,87.85,1.39,83.41,-0.35,0/9,/mnt/data/seiya.narukawa/intentflow/intentflow/offline/results/c_aug_true_9subj_20260506_004923/summary.json
BCIC IV-2a,aug_True_9subj,S1,0,replay_h6_weighted,86.11,85.76,0.35,83.217,-0.35,0/9,/mnt/data/seiya.narukawa/intentflow/intentflow/offline/results/c_aug_true_9subj_20260506_004923/summary.json
BCIC IV-2a,aug_True_9subj,S2,0,replay_h6_weighted,72.22,72.57,-0.35,83.217,-0.35,0/9,/mnt/data/seiya.narukawa/intentflow/intentflow/offline/results/c_aug_true_9subj_20260506_004923/summary.json
BCIC IV-2a,aug_True_9subj,S3,0,replay_h6_weighted,94.1,93.06,1.04,83.217,-0.35,0/9,/mnt/data/seiya.narukawa/intentflow/intentflow/offline/results/c_aug_true_9subj_20260506_004923/summary.json
BCIC IV-2a,aug_True_9subj,S4,0,replay_h6_weighted,81.94,81.94,0.0,83.217,-0.35,0/9,/mnt/data/seiya.narukawa/intentflow/intentflow/offline/results/c_aug_true_9subj_20260506_004923/summary.json
BCIC IV-2a,aug_True_9subj,S5,0,replay_h6_weighted,78.12,77.43,0.69,83.217,-0.35,0/9,/mnt/data/seiya.narukawa/intentflow/intentflow/offline/results/c_aug_true_9subj_20260506_004923/summary.json
BCIC IV-2a,aug_True_9subj,S6,0,replay_h6_weighted,70.83,70.49,0.34,83.217,-0.35,0/9,/mnt/data/seiya.narukawa/intentflow/intentflow/offline/results/c_aug_true_9subj_20260506_004923/summary.json
BCIC IV-2a,aug_True_9subj,S7,0,replay_h6_weighted,93.06,90.97,2.09,83.217,-0.35,0/9,/mnt/data/seiya.narukawa/intentflow/intentflow/offline/results/c_aug_true_9subj_20260506_004923/summary.json
BCIC IV-2a,aug_True_9subj,S8,0,replay_h6_weighted,84.03,84.38,-0.35,83.217,-0.35,0/9,/mnt/data/seiya.narukawa/intentflow/intentflow/offline/results/c_aug_true_9subj_20260506_004923/summary.json
BCIC IV-2a,aug_True_9subj,S9,0,replay_h6_weighted,88.54,87.85,0.69,83.217,-0.35,0/9,/mnt/data/seiya.narukawa/intentflow/intentflow/offline/results/c_aug_true_9subj_20260506_004923/summary.json
BCIC IV-2a,no_aug_5seed_4subj,S2,1,source_only,62.5,missing,missing,64.93,missing,missing,/mnt/data/seiya.narukawa/intentflow/intentflow/offline/results/b_5seed_4subj_20260506_005153/summary.json
BCIC IV-2a,no_aug_5seed_4subj,S2,2,source_only,66.32,missing,missing,64.93,missing,missing,/mnt/data/seiya.narukawa/intentflow/intentflow/offline/results/b_5seed_4subj_20260506_005153/summary.json
BCIC IV-2a,no_aug_5seed_4subj,S2,3,source_only,65.97,missing,missing,64.93,missing,missing,/mnt/data/seiya.narukawa/intentflow/intentflow/offline/results/b_5seed_4subj_20260506_005153/summary.json
BCIC IV-2a,no_aug_5seed_4subj,S4,1,source_only,81.94,missing,missing,80.667,missing,missing,/mnt/data/seiya.narukawa/intentflow/intentflow/offline/results/b_5seed_4subj_20260506_005153/summary.json
BCIC IV-2a,no_aug_5seed_4subj,S4,2,source_only,81.94,missing,missing,80.667,missing,missing,/mnt/data/seiya.narukawa/intentflow/intentflow/offline/results/b_5seed_4subj_20260506_005153/summary.json
BCIC IV-2a,no_aug_5seed_4subj,S4,3,source_only,78.12,missing,missing,80.667,missing,missing,/mnt/data/seiya.narukawa/intentflow/intentflow/offline/results/b_5seed_4subj_20260506_005153/summary.json
BCIC IV-2a,no_aug_5seed_4subj,S6,1,source_only,68.75,missing,missing,66.433,missing,missing,/mnt/data/seiya.narukawa/intentflow/intentflow/offline/results/b_5seed_4subj_20260506_005153/summary.json
BCIC IV-2a,no_aug_5seed_4subj,S6,2,source_only,63.19,missing,missing,66.433,missing,missing,/mnt/data/seiya.narukawa/intentflow/intentflow/offline/results/b_5seed_4subj_20260506_005153/summary.json
BCIC IV-2a,no_aug_5seed_4subj,S6,3,source_only,67.36,missing,missing,66.433,missing,missing,/mnt/data/seiya.narukawa/intentflow/intentflow/offline/results/b_5seed_4subj_20260506_005153/summary.json
BCIC IV-2a,no_aug_5seed_4subj,S7,1,source_only,92.36,missing,missing,90.507,missing,missing,/mnt/data/seiya.narukawa/intentflow/intentflow/offline/results/b_5seed_4subj_20260506_005153/summary.json
BCIC IV-2a,no_aug_5seed_4subj,S7,2,source_only,89.58,missing,missing,90.507,missing,missing,/mnt/data/seiya.narukawa/intentflow/intentflow/offline/results/b_5seed_4subj_20260506_005153/summary.json
BCIC IV-2a,no_aug_5seed_4subj,S7,3,source_only,89.58,missing,missing,90.507,missing,missing,/mnt/data/seiya.narukawa/intentflow/intentflow/offline/results/b_5seed_4subj_20260506_005153/summary.json
BCIC IV-2a,no_aug_5seed_4subj,S2,1,policy_safe_no_shallow,62.5,missing,missing,65.16,missing,missing,/mnt/data/seiya.narukawa/intentflow/intentflow/offline/results/b_5seed_4subj_20260506_005153/summary.json
BCIC IV-2a,no_aug_5seed_4subj,S2,2,policy_safe_no_shallow,67.01,missing,missing,65.16,missing,missing,/mnt/data/seiya.narukawa/intentflow/intentflow/offline/results/b_5seed_4subj_20260506_005153/summary.json
BCIC IV-2a,no_aug_5seed_4subj,S2,3,policy_safe_no_shallow,65.97,missing,missing,65.16,missing,missing,/mnt/data/seiya.narukawa/intentflow/intentflow/offline/results/b_5seed_4subj_20260506_005153/summary.json
BCIC IV-2a,no_aug_5seed_4subj,S4,1,policy_safe_no_shallow,82.64,missing,missing,80.557,missing,missing,/mnt/data/seiya.narukawa/intentflow/intentflow/offline/results/b_5seed_4subj_20260506_005153/summary.json
BCIC IV-2a,no_aug_5seed_4subj,S4,2,policy_safe_no_shallow,81.25,missing,missing,80.557,missing,missing,/mnt/data/seiya.narukawa/intentflow/intentflow/offline/results/b_5seed_4subj_20260506_005153/summary.json
BCIC IV-2a,no_aug_5seed_4subj,S4,3,policy_safe_no_shallow,77.78,missing,missing,80.557,missing,missing,/mnt/data/seiya.narukawa/intentflow/intentflow/offline/results/b_5seed_4subj_20260506_005153/summary.json
BCIC IV-2a,no_aug_5seed_4subj,S6,1,policy_safe_no_shallow,68.4,missing,missing,66.433,missing,missing,/mnt/data/seiya.narukawa/intentflow/intentflow/offline/results/b_5seed_4subj_20260506_005153/summary.json
BCIC IV-2a,no_aug_5seed_4subj,S6,2,policy_safe_no_shallow,63.19,missing,missing,66.433,missing,missing,/mnt/data/seiya.narukawa/intentflow/intentflow/offline/results/b_5seed_4subj_20260506_005153/summary.json
BCIC IV-2a,no_aug_5seed_4subj,S6,3,policy_safe_no_shallow,67.71,missing,missing,66.433,missing,missing,/mnt/data/seiya.narukawa/intentflow/intentflow/offline/results/b_5seed_4subj_20260506_005153/summary.json
BCIC IV-2a,no_aug_5seed_4subj,S7,1,policy_safe_no_shallow,92.71,missing,missing,91.32,missing,missing,/mnt/data/seiya.narukawa/intentflow/intentflow/offline/results/b_5seed_4subj_20260506_005153/summary.json
BCIC IV-2a,no_aug_5seed_4subj,S7,2,policy_safe_no_shallow,91.32,missing,missing,91.32,missing,missing,/mnt/data/seiya.narukawa/intentflow/intentflow/offline/results/b_5seed_4subj_20260506_005153/summary.json
BCIC IV-2a,no_aug_5seed_4subj,S7,3,policy_safe_no_shallow,89.93,missing,missing,91.32,missing,missing,/mnt/data/seiya.narukawa/intentflow/intentflow/offline/results/b_5seed_4subj_20260506_005153/summary.json
BCIC IV-2a,no_aug_5seed_4subj,S2,1,replay_safe_uniform,62.5,missing,missing,65.047,missing,missing,/mnt/data/seiya.narukawa/intentflow/intentflow/offline/results/b_5seed_4subj_20260506_005153/summary.json
BCIC IV-2a,no_aug_5seed_4subj,S2,2,replay_safe_uniform,66.67,missing,missing,65.047,missing,missing,/mnt/data/seiya.narukawa/intentflow/intentflow/offline/results/b_5seed_4subj_20260506_005153/summary.json
BCIC IV-2a,no_aug_5seed_4subj,S2,3,replay_safe_uniform,65.97,missing,missing,65.047,missing,missing,/mnt/data/seiya.narukawa/intentflow/intentflow/offline/results/b_5seed_4subj_20260506_005153/summary.json
BCIC IV-2a,no_aug_5seed_4subj,S4,1,replay_safe_uniform,82.29,missing,missing,80.553,missing,missing,/mnt/data/seiya.narukawa/intentflow/intentflow/offline/results/b_5seed_4subj_20260506_005153/summary.json
BCIC IV-2a,no_aug_5seed_4subj,S4,2,replay_safe_uniform,81.94,missing,missing,80.553,missing,missing,/mnt/data/seiya.narukawa/intentflow/intentflow/offline/results/b_5seed_4subj_20260506_005153/summary.json
BCIC IV-2a,no_aug_5seed_4subj,S4,3,replay_safe_uniform,77.43,missing,missing,80.553,missing,missing,/mnt/data/seiya.narukawa/intentflow/intentflow/offline/results/b_5seed_4subj_20260506_005153/summary.json
BCIC IV-2a,no_aug_5seed_4subj,S6,1,replay_safe_uniform,68.4,missing,missing,66.32,missing,missing,/mnt/data/seiya.narukawa/intentflow/intentflow/offline/results/b_5seed_4subj_20260506_005153/summary.json
BCIC IV-2a,no_aug_5seed_4subj,S6,2,replay_safe_uniform,62.85,missing,missing,66.32,missing,missing,/mnt/data/seiya.narukawa/intentflow/intentflow/offline/results/b_5seed_4subj_20260506_005153/summary.json
BCIC IV-2a,no_aug_5seed_4subj,S6,3,replay_safe_uniform,67.71,missing,missing,66.32,missing,missing,/mnt/data/seiya.narukawa/intentflow/intentflow/offline/results/b_5seed_4subj_20260506_005153/summary.json
BCIC IV-2a,no_aug_5seed_4subj,S7,1,replay_safe_uniform,93.4,missing,missing,92.13,missing,missing,/mnt/data/seiya.narukawa/intentflow/intentflow/offline/results/b_5seed_4subj_20260506_005153/summary.json
BCIC IV-2a,no_aug_5seed_4subj,S7,2,replay_safe_uniform,91.67,missing,missing,92.13,missing,missing,/mnt/data/seiya.narukawa/intentflow/intentflow/offline/results/b_5seed_4subj_20260506_005153/summary.json
BCIC IV-2a,no_aug_5seed_4subj,S7,3,replay_safe_uniform,91.32,missing,missing,92.13,missing,missing,/mnt/data/seiya.narukawa/intentflow/intentflow/offline/results/b_5seed_4subj_20260506_005153/summary.json
BCIC IV-2a,no_aug_5seed_4subj,S2,1,replay_h6_weighted,62.5,missing,missing,65.277,missing,missing,/mnt/data/seiya.narukawa/intentflow/intentflow/offline/results/b_5seed_4subj_20260506_005153/summary.json
BCIC IV-2a,no_aug_5seed_4subj,S2,2,replay_h6_weighted,67.01,missing,missing,65.277,missing,missing,/mnt/data/seiya.narukawa/intentflow/intentflow/offline/results/b_5seed_4subj_20260506_005153/summary.json
BCIC IV-2a,no_aug_5seed_4subj,S2,3,replay_h6_weighted,66.32,missing,missing,65.277,missing,missing,/mnt/data/seiya.narukawa/intentflow/intentflow/offline/results/b_5seed_4subj_20260506_005153/summary.json
BCIC IV-2a,no_aug_5seed_4subj,S4,1,replay_h6_weighted,82.64,missing,missing,80.67,missing,missing,/mnt/data/seiya.narukawa/intentflow/intentflow/offline/results/b_5seed_4subj_20260506_005153/summary.json
BCIC IV-2a,no_aug_5seed_4subj,S4,2,replay_h6_weighted,81.94,missing,missing,80.67,missing,missing,/mnt/data/seiya.narukawa/intentflow/intentflow/offline/results/b_5seed_4subj_20260506_005153/summary.json
BCIC IV-2a,no_aug_5seed_4subj,S4,3,replay_h6_weighted,77.43,missing,missing,80.67,missing,missing,/mnt/data/seiya.narukawa/intentflow/intentflow/offline/results/b_5seed_4subj_20260506_005153/summary.json
BCIC IV-2a,no_aug_5seed_4subj,S6,1,replay_h6_weighted,68.4,missing,missing,66.32,missing,missing,/mnt/data/seiya.narukawa/intentflow/intentflow/offline/results/b_5seed_4subj_20260506_005153/summary.json
BCIC IV-2a,no_aug_5seed_4subj,S6,2,replay_h6_weighted,62.85,missing,missing,66.32,missing,missing,/mnt/data/seiya.narukawa/intentflow/intentflow/offline/results/b_5seed_4subj_20260506_005153/summary.json
BCIC IV-2a,no_aug_5seed_4subj,S6,3,replay_h6_weighted,67.71,missing,missing,66.32,missing,missing,/mnt/data/seiya.narukawa/intentflow/intentflow/offline/results/b_5seed_4subj_20260506_005153/summary.json
BCIC IV-2a,no_aug_5seed_4subj,S7,1,replay_h6_weighted,93.4,missing,missing,92.36,missing,missing,/mnt/data/seiya.narukawa/intentflow/intentflow/offline/results/b_5seed_4subj_20260506_005153/summary.json
BCIC IV-2a,no_aug_5seed_4subj,S7,2,replay_h6_weighted,92.36,missing,missing,92.36,missing,missing,/mnt/data/seiya.narukawa/intentflow/intentflow/offline/results/b_5seed_4subj_20260506_005153/summary.json
BCIC IV-2a,no_aug_5seed_4subj,S7,3,replay_h6_weighted,91.32,missing,missing,92.36,missing,missing,/mnt/data/seiya.narukawa/intentflow/intentflow/offline/results/b_5seed_4subj_20260506_005153/summary.json
BCIC IV-2a,no_aug_seed0,S7,0,source_only,86.81,missing,missing,missing,missing,missing,/mnt/data/seiya.narukawa/intentflow/intentflow/offline/results/a1_9subject_no_shallow_20260505_182651/eval/s7/source_only/results.txt
BCIC IV-2a,no_aug_seed0,S7,0,policy_safe_no_shallow,88.19,missing,missing,missing,missing,missing,/mnt/data/seiya.narukawa/intentflow/intentflow/offline/results/a1_9subject_no_shallow_20260505_182651/eval/s7/policy_safe_no_shallow/results.txt
BCIC IV-2a,no_aug_seed0,S7,0,replay_safe_uniform,89.24,missing,missing,missing,missing,missing,/mnt/data/seiya.narukawa/intentflow/intentflow/offline/results/replay_safe_9subject_20260505_212942/eval/s7/replay_safe_default/results.txt
BCIC IV-2a,no_aug_seed0,S7,0,replay_h6_weighted,89.24,missing,missing,missing,missing,missing,/mnt/data/seiya.narukawa/intentflow/intentflow/offline/results/replay_h6_9subject_20260506_004038/eval/s7/replay_h6_weighted/results.txt
