subject,method,source_acc,method_acc,delta_vs_source,ntr_flag_0p5,source_file
S1,policy_safe_no_shallow,85.76,86.11,0.35,0,/mnt/data/seiya.narukawa/intentflow/intentflow/offline/results/c_aug_true_9subj_20260506_004923/summary.json
S2,policy_safe_no_shallow,72.57,73.96,1.39,0,/mnt/data/seiya.narukawa/intentflow/intentflow/offline/results/c_aug_true_9subj_20260506_004923/summary.json
S3,policy_safe_no_shallow,93.06,93.06,0.0,0,/mnt/data/seiya.narukawa/intentflow/intentflow/offline/results/c_aug_true_9subj_20260506_004923/summary.json
S4,policy_safe_no_shallow,81.94,82.29,0.35,0,/mnt/data/seiya.narukawa/intentflow/intentflow/offline/results/c_aug_true_9subj_20260506_004923/summary.json
S5,policy_safe_no_shallow,77.43,78.12,0.69,0,/mnt/data/seiya.narukawa/intentflow/intentflow/offline/results/c_aug_true_9subj_20260506_004923/summary.json
S6,policy_safe_no_shallow,70.49,70.14,-0.35,0,/mnt/data/seiya.narukawa/intentflow/intentflow/offline/results/c_aug_true_9subj_20260506_004923/summary.json
S7,policy_safe_no_shallow,90.97,90.97,0.0,0,/mnt/data/seiya.narukawa/intentflow/intentflow/offline/results/c_aug_true_9subj_20260506_004923/summary.json
S8,policy_safe_no_shallow,84.38,84.38,0.0,0,/mnt/data/seiya.narukawa/intentflow/intentflow/offline/results/c_aug_true_9subj_20260506_004923/summary.json
S9,policy_safe_no_shallow,87.85,89.24,1.39,0,/mnt/data/seiya.narukawa/intentflow/intentflow/offline/results/c_aug_true_9subj_20260506_004923/summary.json
S1,replay_safe_uniform,85.76,86.11,0.35,0,/mnt/data/seiya.narukawa/intentflow/intentflow/offline/results/c_aug_true_9subj_20260506_004923/summary.json
S2,replay_safe_uniform,72.57,72.22,-0.35,0,/mnt/data/seiya.narukawa/intentflow/intentflow/offline/results/c_aug_true_9subj_20260506_004923/summary.json
S3,replay_safe_uniform,93.06,94.79,1.73,0,/mnt/data/seiya.narukawa/intentflow/intentflow/offline/results/c_aug_true_9subj_20260506_004923/summary.json
S4,replay_safe_uniform,81.94,81.94,0.0,0,/mnt/data/seiya.narukawa/intentflow/intentflow/offline/results/c_aug_true_9subj_20260506_004923/summary.json
S5,replay_safe_uniform,77.43,78.12,0.69,0,/mnt/data/seiya.narukawa/intentflow/intentflow/offline/results/c_aug_true_9subj_20260506_004923/summary.json
S6,replay_safe_uniform,70.49,70.83,0.34,0,/mnt/data/seiya.narukawa/intentflow/intentflow/offline/results/c_aug_true_9subj_20260506_004923/summary.json
S7,replay_safe_uniform,90.97,93.06,2.09,0,/mnt/data/seiya.narukawa/intentflow/intentflow/offline/results/c_aug_true_9subj_20260506_004923/summary.json
S8,replay_safe_uniform,84.38,84.38,0.0,0,/mnt/data/seiya.narukawa/intentflow/intentflow/offline/results/c_aug_true_9subj_20260506_004923/summary.json
S9,replay_safe_uniform,87.85,89.24,1.39,0,/mnt/data/seiya.narukawa/intentflow/intentflow/offline/results/c_aug_true_9subj_20260506_004923/summary.json
S1,replay_h6_weighted,85.76,86.11,0.35,0,/mnt/data/seiya.narukawa/intentflow/intentflow/offline/results/c_aug_true_9subj_20260506_004923/summary.json
S2,replay_h6_weighted,72.57,72.22,-0.35,0,/mnt/data/seiya.narukawa/intentflow/intentflow/offline/results/c_aug_true_9subj_20260506_004923/summary.json
S3,replay_h6_weighted,93.06,94.1,1.04,0,/mnt/data/seiya.narukawa/intentflow/intentflow/offline/results/c_aug_true_9subj_20260506_004923/summary.json
S4,replay_h6_weighted,81.94,81.94,0.0,0,/mnt/data/seiya.narukawa/intentflow/intentflow/offline/results/c_aug_true_9subj_20260506_004923/summary.json
S5,replay_h6_weighted,77.43,78.12,0.69,0,/mnt/data/seiya.narukawa/intentflow/intentflow/offline/results/c_aug_true_9subj_20260506_004923/summary.json
S6,replay_h6_weighted,70.49,70.83,0.34,0,/mnt/data/seiya.narukawa/intentflow/intentflow/offline/results/c_aug_true_9subj_20260506_004923/summary.json
S7,replay_h6_weighted,90.97,93.06,2.09,0,/mnt/data/seiya.narukawa/intentflow/intentflow/offline/results/c_aug_true_9subj_20260506_004923/summary.json
S8,replay_h6_weighted,84.38,84.03,-0.35,0,/mnt/data/seiya.narukawa/intentflow/intentflow/offline/results/c_aug_true_9subj_20260506_004923/summary.json
S9,replay_h6_weighted,87.85,88.54,0.69,0,/mnt/data/seiya.narukawa/intentflow/intentflow/offline/results/c_aug_true_9subj_20260506_004923/summary.json
S1,source_only,85.76,85.76,0.0,0,/mnt/data/seiya.narukawa/intentflow/intentflow/offline/results/c_aug_true_9subj_20260506_004923/summary.json
S2,source_only,72.57,72.57,0.0,0,/mnt/data/seiya.narukawa/intentflow/intentflow/offline/results/c_aug_true_9subj_20260506_004923/summary.json
S3,source_only,93.06,93.06,0.0,0,/mnt/data/seiya.narukawa/intentflow/intentflow/offline/results/c_aug_true_9subj_20260506_004923/summary.json
S4,source_only,81.94,81.94,0.0,0,/mnt/data/seiya.narukawa/intentflow/intentflow/offline/results/c_aug_true_9subj_20260506_004923/summary.json
S5,source_only,77.43,77.43,0.0,0,/mnt/data/seiya.narukawa/intentflow/intentflow/offline/results/c_aug_true_9subj_20260506_004923/summary.json
S6,source_only,70.49,70.49,0.0,0,/mnt/data/seiya.narukawa/intentflow/intentflow/offline/results/c_aug_true_9subj_20260506_004923/summary.json
S7,source_only,90.97,90.97,0.0,0,/mnt/data/seiya.narukawa/intentflow/intentflow/offline/results/c_aug_true_9subj_20260506_004923/summary.json
S8,source_only,84.38,84.38,0.0,0,/mnt/data/seiya.narukawa/intentflow/intentflow/offline/results/c_aug_true_9subj_20260506_004923/summary.json
S9,source_only,87.85,87.85,0.0,0,/mnt/data/seiya.narukawa/intentflow/intentflow/offline/results/c_aug_true_9subj_20260506_004923/summary.json
